2022-06-07 12:27:00,756,28,43
2022-06-07 12:28:00,995,22,57
2022-06-07 12:29:00,660,22,49
2022-06-07 12:30:00,359,20,72
2022-06-07 12:31:00,661,24,58
2022-06-07 12:32:00,369,29,35
2022-06-07 12:33:00,514,28,79
2022-06-07 12:34:00,709,23,19
2022-06-07 12:35:00,625,29,44
2022-06-07 12:36:00,636,25,29
2022-06-07 12:37:00,433,22,93
2022-06-07 12:38:00,679,22,34
2022-06-07 12:39:00,992,28,46
2022-06-07 12:40:00,520,24,20
2022-06-07 12:41:00,891,22,59
2022-06-07 12:42:00,772,22,94
2022-06-07 12:43:00,310,27,94
2022-06-07 12:44:00,335,27,48
2022-06-07 12:45:00,407,22,55
2022-06-07 12:46:00,748,27,16
2022-06-07 12:47:00,398,28,45
2022-06-07 12:48:00,466,26,7
2022-06-07 12:49:00,919,24,69
2022-06-07 12:50:00,698,30,69
2022-06-07 12:51:00,919,23,78
2022-06-07 12:52:00,695,22,67
2022-06-07 12:53:00,811,20,38
2022-06-07 12:54:00,342,20,7
2022-06-07 12:55:00,469,30,4
2022-06-07 12:56:00,698,23,78
2022-06-07 12:57:00,319,22,95
2022-06-07 12:58:00,749,25,76
2022-06-07 12:59:00,386,22,39
2022-06-07 13:00:00,996,24,92
2022-06-07 13:01:00,730,26,79
2022-06-07 13:02:00,959,27,57
2022-06-07 13:03:00,995,23,22
2022-06-07 13:04:00,741,25,96
2022-06-07 13:05:00,755,25,41
2022-06-07 13:06:00,878,21,29
2022-06-07 13:07:00,342,21,44
2022-06-07 13:08:00,391,23,14
2022-06-07 13:09:00,560,30,57
2022-06-07 13:10:00,378,20,32
2022-06-07 13:11:00,623,23,12
2022-06-07 13:12:00,899,23,31
2022-06-07 13:13:00,941,26,75
2022-06-07 13:14:00,457,23,28
2022-06-07 13:15:00,390,30,52
2022-06-07 13:16:00,629,23,20
2022-06-07 13:17:00,873,27,0
2022-06-07 13:18:00,339,25,94
2022-06-07 13:19:00,553,30,31
2022-06-07 13:20:00,801,27,94
2022-06-07 13:21:00,740,21,5
2022-06-07 13:22:00,826,24,40
2022-06-07 13:23:00,581,20,23
2022-06-07 13:24:00,500,25,87
2022-06-07 13:25:00,420,22,30
2022-06-07 13:26:00,562,24,77
2022-06-07 13:27:00,849,27,17
2022-06-07 13:28:00,400,25,54
2022-06-07 13:29:00,320,22,23
2022-06-07 13:30:00,719,26,88
2022-06-07 13:31:00,799,20,82
2022-06-07 13:32:00,843,29,13
2022-06-07 13:33:00,747,30,76
2022-06-07 13:34:00,838,23,65
2022-06-07 13:35:00,686,23,52
2022-06-07 13:36:00,688,30,57
2022-06-07 13:37:00,870,20,73
2022-06-07 13:38:00,704,28,78
2022-06-07 13:39:00,900,20,1
2022-06-07 13:40:00,741,20,30
2022-06-07 13:41:00,890,21,74
2022-06-07 13:42:00,643,23,23
2022-06-07 13:43:00,976,24,8
2022-06-07 13:44:00,681,29,96
2022-06-07 13:45:00,781,26,25
2022-06-07 13:46:00,301,24,18
2022-06-07 13:48:00,764,27,85
2022-06-07 13:50:00,961,25,24
2022-06-07 13:51:00,459,24,82
2022-06-08 18:08,459,26,32
2022-06-08 18:09,459,26,33
2022-06-08 18:10,459,26,33
2022-06-08 18:11,459,26,33
2022-06-08 18:12,459,26,33
2022-06-08 18:14,459,26,33
2022-06-08 18:15,459,26,33
2022-06-08 18:16,459,26,33
2022-06-08 18:17,459,26,34
2022-06-08 18:19,459,26,34
2022-06-08 18:20,459,26,34
2022-06-08 18:21,459,26,34
2022-06-08 18:23,459,26,35
2022-06-08 18:24,459,26,35
2022-06-08 18:25,459,26,35
2022-06-08 18:26,459,26,35
2022-06-08 18:28,459,26,35
2022-06-08 18:29,459,26,34
2022-06-08 18:30,459,26,34
2022-06-08 18:31,459,86,34
2022-06-08 18:32,459,86,34
2022-06-08 18:33,459,86,34
2022-06-09 10:35,459,86,34
2022-06-09 10:35,459,86,34
2022-06-09 10:35,459,86,34
2022-06-09 10:36,459,86,9
2022-06-09 10:36,459,86,9
2022-06-09 10:36,459,86,9
2022-06-09 10:36,459,86,9
2022-06-09 10:36,459,86,9
2022-06-09 10:36,459,86,9
2022-06-09 10:37,459,86,9
2022-06-09 10:37,459,86,9
2022-06-09 10:37,459,86,9
2022-06-09 10:37,459,86,9
2022-06-09 10:37,459,86,9
2022-06-09 10:37,459,86,9
2022-06-09 10:38,459,86,9
2022-06-09 10:38,459,86,9
2022-06-09 10:38,459,86,9
2022-06-09 10:38,459,86,9
2022-06-09 10:38,459,86,9
2022-06-09 10:38,459,86,9
2022-06-09 10:39,459,86,9
2022-06-09 10:39,459,86,9
2022-06-09 10:39,459,86,9
2022-06-09 10:39,459,86,9
2022-06-09 10:39,459,86,9
2022-06-09 10:39,459,86,9
2022-06-09 10:40,459,86,9
2022-06-09 10:40,459,86,9
2022-06-09 10:40,459,86,9
2022-06-09 10:40,459,86,9
2022-06-09 10:40,459,86,9
2022-06-09 10:40,459,86,9
2022-06-09 10:41,459,86,9
2022-06-09 10:41,459,86,9
2022-06-09 10:41,459,86,9
2022-06-09 10:41,459,86,9
2022-06-09 10:41,459,86,9
2022-06-09 10:41,459,86,9
2022-06-09 10:42,459,86,9
2022-06-09 10:42,459,86,9
2022-06-09 10:42,459,86,9
2022-06-09 10:45,459,86,9
2022-06-09 10:45,459,86,9
2022-06-09 10:45,459,86,9
2022-06-09 10:45,459,86,9
2022-06-09 10:45,459,86,9
2022-06-09 10:45,459,86,9
2022-06-09 10:45,459,86,9
2022-06-09 10:45,459,86,9
2022-06-09 10:45,459,86,9
2022-06-09 10:45,459,86,9
2022-06-09 10:45,459,86,9
2022-06-09 10:45,459,86,9
2022-06-09 10:45,459,86,9
2022-06-09 10:45,459,86,9
2022-06-09 10:45,459,86,9
2022-06-09 10:45,459,86,9
2022-06-09 10:45,459,86,9
2022-06-09 10:45,459,86,9
2022-06-09 10:45,459,86,9
2022-06-09 10:45,459,86,9
2022-06-09 10:45,459,86,9
2022-06-09 10:45,459,86,9
2022-06-09 10:45,459,86,9
2022-06-09 10:45,459,86,9
2022-06-09 10:45,459,86,9
2022-06-09 10:45,459,86,9
2022-06-09 10:45,459,86,9
2022-06-09 10:45,459,86,9
2022-06-09 10:45,459,86,9
2022-06-09 10:45,459,86,9
2022-06-09 10:45,459,86,9
2022-06-09 10:45,459,86,9
2022-06-09 10:45,459,86,9
2022-06-09 10:45,459,86,9
2022-06-09 10:45,459,86,9
2022-06-09 10:45,459,86,9
2022-06-09 10:45,459,86,9
2022-06-09 10:45,459,86,9
2022-06-09 10:45,459,86,9
2022-06-09 10:45,459,86,9
2022-06-09 10:45,459,86,9
2022-06-09 10:45,459,86,9
2022-06-09 10:45,459,86,9
2022-06-09 10:45,459,86,9
2022-06-09 10:45,459,86,9
2022-06-09 10:45,459,86,9
2022-06-09 10:45,459,86,9
2022-06-09 10:45,459,86,9
2022-06-09 10:45,459,86,9
2022-06-09 10:45,459,86,9
2022-06-09 10:45,459,86,9
2022-06-09 10:45,459,86,9
2022-06-09 10:45,459,86,9
2022-06-09 10:45,459,86,9
2022-06-09 10:45,459,86,9
2022-06-09 10:45,459,86,9
2022-06-09 10:45,459,86,9
2022-06-09 10:45,459,86,9
2022-06-09 10:45,459,86,9
2022-06-09 10:45,459,86,9
2022-06-09 10:45,459,86,9
2022-06-09 10:45,459,86,9
2022-06-09 10:45,459,86,9
2022-06-09 10:45,459,86,9
2022-06-09 10:45,459,86,9
2022-06-09 10:45,459,86,9
2022-06-09 10:45,459,86,9
2022-06-09 10:45,459,86,9
2022-06-09 10:45,459,86,9
2022-06-09 10:45,459,86,9
2022-06-09 10:45,459,86,9
2022-06-09 10:45,459,86,9
2022-06-09 10:45,459,86,9
2022-06-09 10:45,459,86,9
2022-06-09 10:45,459,86,9
2022-06-09 10:45,459,86,9
2022-06-09 10:45,459,86,9
2022-06-09 10:45,459,86,9
2022-06-09 10:45,459,86,9
2022-06-09 10:45,459,86,9
2022-06-09 10:45,459,86,9
2022-06-09 10:45,459,86,9
2022-06-09 10:45,459,86,9
2022-06-09 10:45,459,86,9
2022-06-09 10:45,459,86,9
2022-06-09 10:45,459,86,9
2022-06-09 10:45,459,86,9
2022-06-09 10:45,459,86,9
2022-06-09 10:45,459,86,9
2022-06-09 10:45,459,86,9
2022-06-09 10:45,459,86,9
2022-06-09 10:45,459,86,9
2022-06-09 10:45,459,86,9
2022-06-09 10:45,459,86,9
2022-06-09 10:45,459,86,9
2022-06-09 10:45,459,86,9
2022-06-09 10:45,459,86,9
2022-06-09 10:45,459,86,9
2022-06-09 10:45,459,86,9
2022-06-09 10:45,459,86,9
2022-06-09 10:45,459,86,9
2022-06-09 10:45,459,86,9
2022-06-09 10:45,459,86,9
2022-06-09 10:45,459,86,9
2022-06-09 10:45,459,86,9
2022-06-09 10:45,459,86,9
2022-06-09 10:45,459,86,9
2022-06-09 10:45,459,86,9
2022-06-09 10:45,459,86,9
2022-06-09 10:45,459,86,9
2022-06-09 10:45,459,86,9
2022-06-09 10:45,459,86,9
2022-06-09 10:45,459,86,9
2022-06-09 10:45,459,86,9
2022-06-09 10:45,459,86,9
2022-06-09 10:45,459,86,9
2022-06-09 10:45,459,86,9
2022-06-09 10:45,459,86,9
2022-06-09 10:45,459,86,9
2022-06-09 10:45,459,86,9
2022-06-09 10:45,459,86,9
2022-06-09 10:45,459,86,9
2022-06-09 10:45,459,86,9
2022-06-09 10:45,459,86,9
2022-06-09 10:45,459,86,9
2022-06-09 10:45,459,86,9
2022-06-09 10:45,459,86,9
2022-06-09 10:45,459,86,9
2022-06-09 10:45,459,86,9
2022-06-09 10:45,459,86,9
2022-06-09 10:45,459,86,9
2022-06-09 10:45,459,86,9
2022-06-09 10:45,459,86,9
2022-06-09 10:45,459,86,9
2022-06-09 10:45,459,86,9
2022-06-09 10:45,459,86,9
2022-06-09 10:45,459,86,9
2022-06-09 10:45,459,86,9
2022-06-09 10:45,459,86,9
2022-06-09 10:45,459,86,9
2022-06-09 10:45,459,86,9
2022-06-09 10:45,459,86,9
2022-06-09 10:45,459,86,9
2022-06-09 10:45,459,86,9
2022-06-09 10:45,459,86,9
2022-06-09 10:45,459,86,9
2022-06-09 10:45,459,86,9
2022-06-09 10:45,459,86,9
2022-06-09 10:45,459,86,9
2022-06-09 10:45,459,86,9
2022-06-09 10:45,459,86,9
2022-06-09 10:45,459,86,9
2022-06-09 10:45,459,86,9
2022-06-09 10:45,459,86,9
2022-06-09 10:45,459,86,9
2022-06-09 10:45,459,86,9
2022-06-09 10:45,459,86,9
2022-06-09 10:45,459,86,9
2022-06-09 10:45,459,86,9
2022-06-09 10:45,459,86,9
2022-06-09 10:45,459,86,9
2022-06-09 10:45,459,86,9
2022-06-09 10:45,459,86,9
2022-06-09 10:45,459,86,9
2022-06-09 10:45,459,86,9
2022-06-09 10:45,459,86,9
2022-06-09 10:45,459,86,9
2022-06-09 10:45,459,86,9
2022-06-09 10:45,459,86,9
2022-06-09 10:45,459,86,9
2022-06-09 10:45,459,86,9
2022-06-09 10:45,459,86,9
2022-06-09 10:45,459,86,9
2022-06-09 10:45,459,86,9
2022-06-09 10:45,459,86,9
2022-06-09 10:45,459,86,9
2022-06-09 10:45,459,86,9
2022-06-09 10:45,459,86,9
2022-06-09 10:45,459,86,9
2022-06-09 10:45,459,86,9
2022-06-09 10:45,459,86,9
2022-06-09 10:45,459,86,9
2022-06-09 10:45,459,86,3
2022-06-09 10:45,459,86,9
2022-06-09 10:45,459,86,9
2022-06-09 10:45,459,86,9
2022-06-09 10:45,459,86,9
2022-06-09 10:45,459,86,9
2022-06-09 10:45,459,86,9
2022-06-09 10:45,459,86,9
2022-06-09 10:45,459,86,9
2022-06-09 10:45,459,86,9
2022-06-09 10:45,459,86,9
2022-06-09 10:45,459,86,9
2022-06-09 10:45,459,86,9
2022-06-09 10:45,459,86,9
2022-06-09 10:45,459,86,9
2022-06-09 10:45,459,86,9
2022-06-09 10:45,459,86,9
2022-06-09 10:45,459,86,9
2022-06-09 10:45,459,86,9
2022-06-09 10:45,459,86,9
2022-06-09 10:45,459,86,9
2022-06-09 10:45,459,86,9
2022-06-09 10:45,459,86,9
2022-06-09 10:45,459,86,9
2022-06-09 10:45,459,86,9
2022-06-09 10:45,459,86,9
2022-06-09 10:45,459,86,9
2022-06-09 10:45,459,86,9
2022-06-09 10:45,459,86,9
2022-06-09 10:45,459,86,9
2022-06-09 10:45,459,86,9
2022-06-09 10:45,459,86,9
2022-06-09 10:45,459,86,9
2022-06-09 10:45,459,86,9
2022-06-09 10:45,459,86,9
2022-06-09 10:45,459,86,9
2022-06-09 10:45,459,86,9
2022-06-09 10:45,459,86,9
2022-06-09 10:45,459,86,9
2022-06-09 10:45,459,86,9
2022-06-09 10:45,459,86,9
2022-06-09 10:45,459,86,9
2022-06-09 10:45,459,86,9
2022-06-09 10:45,459,86,9
2022-06-09 10:45,459,86,9
2022-06-09 10:45,459,86,9
2022-06-09 10:45,459,86,9
2022-06-09 10:45,459,86,9
2022-06-09 10:45,459,86,9
2022-06-09 10:45,459,86,9
2022-06-09 10:45,459,86,9
2022-06-09 10:45,459,86,9
2022-06-09 10:45,459,86,9
2022-06-09 10:45,459,86,9
2022-06-09 10:45,459,86,9
2022-06-09 10:45,459,86,9
2022-06-09 10:45,459,86,9
2022-06-09 10:45,459,86,9
2022-06-09 10:45,459,86,9
2022-06-09 10:45,459,86,9
2022-06-09 10:45,459,86,9
2022-06-09 10:45,459,86,9
2022-06-09 10:45,459,86,9
2022-06-09 10:45,459,86,9
2022-06-09 10:45,459,86,9
2022-06-09 10:45,459,86,9
2022-06-09 10:45,459,86,9
2022-06-09 10:45,459,86,9
2022-06-09 10:45,459,86,9
2022-06-09 10:45,459,86,9
2022-06-09 10:45,459,86,9
2022-06-09 10:45,459,86,9
2022-06-09 10:45,459,86,9
2022-06-09 10:45,459,86,9
2022-06-09 10:45,459,86,9
2022-06-09 10:45,459,86,9
2022-06-09 10:45,459,86,9
2022-06-09 10:45,459,86,9
2022-06-09 10:45,459,86,9
2022-06-09 10:45,459,86,9
2022-06-09 10:45,459,86,9
2022-06-09 10:45,459,86,9
2022-06-09 10:45,459,86,9
2022-06-09 10:45,459,86,9
2022-06-09 10:45,459,86,9
2022-06-09 10:45,459,86,9
2022-06-09 10:45,459,86,9
2022-06-09 10:45,459,86,9
2022-06-09 10:45,459,86,9
2022-06-09 10:45,459,86,9
2022-06-09 10:45,459,86,9
2022-06-09 10:45,459,86,9
2022-06-09 10:45,459,86,9
2022-06-09 10:45,459,86,9
2022-06-09 10:45,459,86,9
2022-06-09 10:45,459,86,9
2022-06-09 10:45,459,86,9
2022-06-09 10:45,459,86,9
2022-06-09 10:45,459,86,9
2022-06-09 10:45,459,86,9
2022-06-09 10:45,459,86,9
2022-06-09 10:45,459,86,9
2022-06-09 10:45,459,86,9
2022-06-09 10:45,459,86,9
2022-06-09 10:45,459,86,9
2022-06-09 10:45,459,86,9
2022-06-09 10:45,459,86,9
2022-06-09 10:45,459,86,9
2022-06-09 10:45,459,86,9
2022-06-09 10:45,459,86,9
2022-06-09 10:45,459,86,9
2022-06-09 10:45,459,86,9
2022-06-09 10:45,459,86,9
2022-06-09 10:45,459,86,9
2022-06-09 10:45,459,86,9
2022-06-09 10:45,459,86,9
2022-06-09 10:45,459,86,9
2022-06-09 10:45,459,86,9
2022-06-09 10:45,459,86,9
2022-06-09 10:45,459,86,9
2022-06-09 10:46,459,86,9
2022-06-09 10:46,459,86,9
2022-06-09 10:46,459,86,9
2022-06-09 10:46,459,86,9
2022-06-09 10:46,459,86,9
2022-06-09 10:46,459,86,9
2022-06-09 10:46,459,86,9
2022-06-09 10:46,459,86,9
2022-06-09 10:46,459,86,9
2022-06-09 10:46,459,86,9
2022-06-09 10:46,459,86,9
2022-06-09 10:46,459,86,9
2022-06-09 10:46,459,86,9
2022-06-09 10:46,459,86,9
2022-06-09 10:46,459,86,9
2022-06-09 10:46,459,86,9
2022-06-09 10:46,459,86,9
2022-06-09 10:46,459,86,9
2022-06-09 10:46,459,86,9
2022-06-09 10:46,459,86,9
2022-06-09 10:46,459,86,9
2022-06-09 10:46,459,86,9
2022-06-09 10:46,459,86,9
2022-06-09 10:46,459,86,9
2022-06-09 10:46,459,86,9
2022-06-09 10:46,459,86,9
2022-06-09 10:46,459,86,9
2022-06-09 10:46,459,86,9
2022-06-09 10:46,459,86,9
2022-06-09 10:46,459,86,9
2022-06-09 10:46,459,86,9
2022-06-09 10:46,459,86,9
2022-06-09 10:46,459,86,9
2022-06-09 10:46,459,86,9
2022-06-09 10:46,459,86,9
2022-06-09 10:46,459,86,9
2022-06-09 10:46,459,86,9
2022-06-09 10:46,459,86,9
2022-06-09 10:46,459,86,9
2022-06-09 10:46,459,86,9
2022-06-09 10:46,459,86,9
2022-06-09 10:46,459,86,9
2022-06-09 10:46,459,86,9
2022-06-09 10:46,459,86,9
2022-06-09 10:46,459,86,9
2022-06-09 10:46,459,86,9
2022-06-09 10:46,459,86,9
2022-06-09 10:46,459,86,9
2022-06-09 10:46,459,86,9
2022-06-09 10:46,459,86,9
2022-06-09 10:46,459,86,9
2022-06-09 10:46,459,86,9
2022-06-09 10:46,459,86,9
2022-06-09 10:46,459,86,9
2022-06-09 10:46,459,86,9
2022-06-09 10:46,459,86,9
2022-06-09 10:46,459,86,9
2022-06-09 10:46,459,86,9
2022-06-09 10:46,459,86,9
2022-06-09 10:46,459,86,9
2022-06-09 10:46,459,86,9
2022-06-09 10:46,459,86,9
2022-06-09 10:46,459,86,9
2022-06-09 10:46,459,86,9
2022-06-09 10:46,459,86,9
2022-06-09 10:46,459,86,9
2022-06-09 10:46,459,86,9
2022-06-09 10:46,459,86,9
2022-06-09 10:46,459,86,9
2022-06-09 10:46,459,86,9
2022-06-09 10:46,459,86,9
2022-06-09 10:46,459,86,9
2022-06-09 10:46,459,86,9
2022-06-09 10:46,459,86,9
2022-06-09 10:46,459,86,9
2022-06-09 10:46,459,86,9
2022-06-09 10:46,459,86,9
2022-06-09 10:46,459,86,9
2022-06-09 10:46,459,86,9
2022-06-09 10:46,459,86,9
2022-06-09 10:46,459,86,9
2022-06-09 10:46,459,86,9
2022-06-09 10:46,459,86,9
2022-06-09 10:46,459,86,9
2022-06-09 10:46,459,86,9
2022-06-09 10:46,459,86,9
2022-06-09 10:46,459,86,9
2022-06-09 10:46,459,86,9
2022-06-09 10:46,459,86,9
2022-06-09 10:46,459,86,9
2022-06-09 10:46,459,86,9
2022-06-09 10:46,459,86,9
2022-06-09 10:46,459,86,9
2022-06-09 10:46,459,86,9
2022-06-09 10:46,459,86,9
2022-06-09 10:46,459,86,9
2022-06-09 10:46,459,86,9
2022-06-09 10:46,459,86,9
2022-06-09 10:46,459,86,9
2022-06-09 10:46,459,86,9
2022-06-09 10:46,459,86,9
2022-06-09 10:46,459,86,9
2022-06-09 10:46,459,86,9
2022-06-09 10:46,459,86,9
2022-06-09 10:46,459,86,9
2022-06-09 10:46,459,86,9
2022-06-09 10:46,459,86,9
2022-06-09 10:46,459,86,9
2022-06-09 10:46,459,86,9
2022-06-09 10:46,459,86,9
2022-06-09 10:46,459,86,9
2022-06-09 10:46,459,86,9
2022-06-09 10:46,459,86,9
2022-06-09 10:46,459,86,9
2022-06-09 10:46,459,86,9
2022-06-09 10:46,459,86,9
2022-06-09 10:46,459,86,9
2022-06-09 10:46,459,86,9
2022-06-09 10:46,459,86,9
2022-06-09 10:46,459,86,9
2022-06-09 10:46,459,86,9
2022-06-09 10:46,459,86,9
2022-06-09 10:46,459,86,9
2022-06-09 10:46,459,86,9
2022-06-09 10:46,459,86,9
2022-06-09 10:46,459,86,9
2022-06-09 10:46,459,86,9
2022-06-09 10:46,459,86,9
2022-06-09 10:46,459,86,9
2022-06-09 10:46,459,86,9
2022-06-09 10:46,459,86,9
2022-06-09 10:46,459,86,9
2022-06-09 10:46,459,86,9
2022-06-09 10:46,459,86,9
2022-06-09 10:46,459,86,9
2022-06-09 10:46,459,86,9
2022-06-09 10:46,459,86,9
2022-06-09 10:46,459,86,9
2022-06-09 10:46,459,86,9
2022-06-09 10:46,459,86,9
2022-06-09 10:46,459,86,9
2022-06-09 10:46,459,86,9
2022-06-09 10:46,459,86,9
2022-06-09 10:46,459,86,9
2022-06-09 10:46,459,86,9
2022-06-09 10:46,459,86,9
2022-06-09 10:46,459,86,9
2022-06-09 10:46,459,86,9
2022-06-09 10:46,459,86,9
2022-06-09 10:46,459,86,9
2022-06-09 10:46,459,86,9
2022-06-09 10:46,459,86,9
2022-06-09 10:46,459,86,9
2022-06-09 10:46,459,86,9
2022-06-09 10:46,459,86,9
2022-06-09 10:46,459,86,9
2022-06-09 10:46,459,86,9
2022-06-09 10:46,459,86,9
2022-06-09 10:46,459,86,9
2022-06-09 10:46,459,86,9
2022-06-09 10:46,459,86,9
2022-06-09 10:46,459,86,9
2022-06-09 10:46,459,86,9
2022-06-09 10:46,459,86,9
2022-06-09 10:46,459,86,9
2022-06-09 10:46,459,86,9
2022-06-09 10:46,459,86,9
2022-06-09 10:46,459,86,9
2022-06-09 10:46,459,86,9
2022-06-09 10:46,459,86,9
2022-06-09 10:46,459,86,9
2022-06-09 10:46,459,86,9
2022-06-09 10:46,459,86,9
2022-06-09 10:46,459,86,9
2022-06-09 10:46,459,86,9
2022-06-09 10:46,459,86,9
2022-06-09 10:46,459,86,9
2022-06-09 10:46,459,86,9
2022-06-09 10:46,459,86,9
2022-06-09 10:46,459,86,9
2022-06-09 10:46,459,86,9
2022-06-09 10:46,459,86,9
2022-06-09 10:46,459,86,9
2022-06-09 10:46,459,86,9
2022-06-09 10:46,459,86,9
2022-06-09 10:46,459,86,9
2022-06-09 10:46,459,86,9
2022-06-09 10:46,459,86,9
2022-06-09 10:46,459,86,9
2022-06-09 10:46,459,86,9
2022-06-09 10:46,459,86,9
2022-06-09 10:46,459,86,9
2022-06-09 10:46,459,86,9
2022-06-09 10:46,459,86,9
2022-06-09 10:46,459,86,9
2022-06-09 10:46,459,86,9
2022-06-09 10:46,459,86,9
2022-06-09 10:46,459,86,9
2022-06-09 10:46,459,86,9
2022-06-09 10:46,459,86,9
2022-06-09 10:46,459,86,9
2022-06-09 10:46,459,86,9
2022-06-09 10:46,459,86,9
2022-06-09 10:46,459,86,9
2022-06-09 10:46,459,86,9
2022-06-09 10:46,459,86,9
2022-06-09 10:46,459,86,9
2022-06-09 10:46,459,86,9
2022-06-09 10:46,459,86,9
2022-06-09 10:46,459,86,9
2022-06-09 10:46,459,86,9
2022-06-09 10:46,459,86,9
2022-06-09 10:46,459,86,9
2022-06-09 10:46,459,86,9
2022-06-09 10:46,459,86,9
2022-06-09 10:46,459,86,9
2022-06-09 10:46,459,86,9
2022-06-09 10:46,459,86,9
2022-06-09 10:46,459,86,9
2022-06-09 10:46,459,86,9
2022-06-09 10:46,459,86,9
2022-06-09 10:46,459,86,9
2022-06-09 10:46,459,86,9
2022-06-09 10:46,459,86,9
2022-06-09 10:46,459,86,9
2022-06-09 10:46,459,86,9
2022-06-09 10:46,459,86,9
2022-06-09 10:46,459,86,9
2022-06-09 10:46,459,86,9
2022-06-09 10:46,459,86,9
2022-06-09 10:46,459,86,9
2022-06-09 10:46,459,86,9
2022-06-09 10:46,459,86,9
2022-06-09 10:46,459,86,9
2022-06-09 10:46,459,86,9
2022-06-09 10:46,459,86,9
2022-06-09 10:46,459,86,9
2022-06-09 10:46,459,86,9
2022-06-09 10:46,459,86,9
2022-06-09 10:46,459,86,9
2022-06-09 10:46,459,86,9
2022-06-09 10:46,459,86,9
2022-06-09 10:46,459,86,9
2022-06-09 10:46,459,86,9
2022-06-09 10:46,459,86,9
2022-06-09 10:46,459,86,9
2022-06-09 10:46,459,86,9
2022-06-09 10:46,459,86,9
2022-06-09 10:46,459,86,9
2022-06-09 10:46,459,86,9
2022-06-09 10:46,459,86,9
2022-06-09 10:46,459,86,9
2022-06-09 10:46,459,86,9
2022-06-09 10:46,459,86,9
2022-06-09 10:46,459,86,9
2022-06-09 10:46,459,86,9
2022-06-09 10:46,459,86,9
2022-06-09 10:46,459,86,9
2022-06-09 10:46,459,86,9
2022-06-09 10:46,459,86,9
2022-06-09 10:46,459,86,9
2022-06-09 10:46,459,86,9
2022-06-09 10:46,459,86,9
2022-06-09 10:46,459,86,9
2022-06-09 10:46,459,86,9
2022-06-09 10:46,459,86,9
2022-06-09 10:46,459,86,9
2022-06-09 10:46,459,86,9
2022-06-09 10:46,459,86,9
2022-06-09 10:46,459,86,9
2022-06-09 10:46,459,86,9
2022-06-09 10:46,459,86,9
2022-06-09 10:46,459,86,9
2022-06-09 10:46,459,86,9
2022-06-09 10:46,459,86,9
2022-06-09 10:46,459,86,9
2022-06-09 10:46,459,86,9
2022-06-09 10:46,459,86,9
2022-06-09 10:46,459,86,9
2022-06-09 10:46,459,86,9
2022-06-09 10:46,459,86,9
2022-06-09 10:46,459,86,9
2022-06-09 10:46,459,86,9
2022-06-09 10:46,459,86,9
2022-06-09 10:46,459,86,9
2022-06-09 10:46,459,86,9
2022-06-09 10:46,459,86,9
2022-06-09 10:46,459,86,9
2022-06-09 10:46,459,86,9
2022-06-09 10:46,459,86,9
2022-06-09 10:46,459,86,9
2022-06-09 10:46,459,86,9
2022-06-09 10:46,459,86,9
2022-06-09 10:46,459,86,9
2022-06-09 10:46,459,86,9
2022-06-09 10:46,459,86,9
2022-06-09 10:46,459,86,9
2022-06-09 10:46,459,86,9
2022-06-09 10:46,459,86,9
2022-06-09 10:46,459,86,9
2022-06-09 10:46,459,86,9
2022-06-09 10:46,459,86,9
2022-06-09 10:46,459,86,9
2022-06-09 10:46,459,86,9
2022-06-09 10:46,459,86,9
2022-06-09 10:46,459,86,9
2022-06-09 10:46,459,86,9
2022-06-09 10:46,459,86,9
2022-06-09 10:46,459,86,9
2022-06-09 10:46,459,86,9
2022-06-09 10:46,459,86,9
2022-06-09 10:46,459,86,9
2022-06-09 10:46,459,86,9
2022-06-09 10:46,459,86,9
2022-06-09 10:46,459,86,9
2022-06-09 10:46,459,86,9
2022-06-09 10:46,459,86,9
2022-06-09 10:49,459,86,9
2022-06-09 10:49,459,86,9
2022-06-09 10:49,459,86,9
2022-06-09 10:49,459,86,9
2022-06-09 10:49,459,86,9
2022-06-09 10:49,459,86,9
2022-06-09 10:49,459,86,9
2022-06-09 10:49,459,86,9
2022-06-09 10:49,459,86,9
2022-06-09 10:49,459,86,9
2022-06-09 10:49,459,86,9
2022-06-09 10:49,459,86,9
2022-06-09 10:49,459,86,9
2022-06-09 10:49,459,86,9
2022-06-09 10:49,459,86,9
2022-06-09 10:49,459,86,9
2022-06-09 10:49,459,86,9
2022-06-09 10:49,459,86,9
2022-06-09 10:49,459,86,9
2022-06-09 10:49,459,86,9
2022-06-09 10:49,459,86,9
2022-06-09 10:49,459,86,9
2022-06-09 10:49,459,86,9
2022-06-09 10:49,459,86,9
2022-06-09 10:49,459,86,9
2022-06-09 10:49,459,86,9
2022-06-09 10:49,459,86,9
2022-06-09 10:49,459,86,9
2022-06-09 10:49,459,86,9
2022-06-09 10:49,459,86,9
2022-06-09 10:49,459,86,9
2022-06-09 10:49,459,86,9
2022-06-09 10:49,459,86,9
2022-06-09 10:49,459,86,9
2022-06-09 10:49,459,86,9
2022-06-09 10:49,459,86,9
2022-06-09 10:49,459,86,9
2022-06-09 10:49,459,86,9
2022-06-09 10:49,459,86,9
2022-06-09 10:49,459,86,9
2022-06-09 10:49,459,86,9
2022-06-09 10:49,459,86,9
2022-06-09 10:49,459,86,9
2022-06-09 10:49,459,86,9
2022-06-09 10:49,459,86,9
2022-06-09 10:49,459,86,9
2022-06-09 10:49,459,86,9
2022-06-09 10:49,459,86,9
2022-06-09 10:49,459,86,9
2022-06-09 10:49,459,86,9
2022-06-09 10:49,459,86,9
2022-06-09 10:49,459,86,9
2022-06-09 10:49,459,86,9
2022-06-09 10:49,459,86,9
2022-06-09 10:49,459,86,9
2022-06-09 10:49,459,86,9
2022-06-09 10:49,459,86,9
2022-06-09 10:49,459,86,9
2022-06-09 10:49,459,86,9
2022-06-09 10:49,459,86,9
2022-06-09 10:49,459,86,9
2022-06-09 10:49,459,86,9
2022-06-09 10:49,459,86,9
2022-06-09 10:49,459,86,9
2022-06-09 10:49,459,86,9
2022-06-09 10:49,459,86,9
2022-06-09 10:49,459,86,9
2022-06-09 10:49,459,86,9
2022-06-09 10:49,459,86,9
2022-06-09 10:49,459,86,9
2022-06-09 10:49,459,86,9
2022-06-09 10:49,459,86,9
2022-06-09 10:49,459,86,9
2022-06-09 10:49,459,86,9
2022-06-09 10:49,459,86,9
2022-06-09 10:49,459,86,9
2022-06-09 10:49,459,86,9
2022-06-09 10:49,459,86,9
2022-06-09 10:49,459,86,9
2022-06-09 10:49,459,86,9
2022-06-09 10:49,459,86,9
2022-06-09 10:49,459,86,9
2022-06-09 10:49,459,86,9
2022-06-09 10:49,459,86,9
2022-06-09 10:49,459,86,9
2022-06-09 10:49,459,86,9
2022-06-09 10:49,459,86,9
2022-06-09 10:49,459,86,9
2022-06-09 10:49,459,86,9
2022-06-09 10:49,459,86,9
2022-06-09 10:49,459,86,9
2022-06-09 10:49,459,86,9
2022-06-09 10:49,459,86,9
2022-06-09 10:49,459,86,9
2022-06-09 10:49,459,86,9
2022-06-09 10:49,459,86,9
2022-06-09 10:49,459,86,9
2022-06-09 10:49,459,86,9
2022-06-09 10:49,459,86,9
2022-06-09 10:49,459,86,9
2022-06-09 10:49,459,86,9
2022-06-09 10:49,459,86,9
2022-06-09 10:49,459,86,9
2022-06-09 10:49,459,86,9
2022-06-09 10:49,459,86,9
2022-06-09 10:49,459,86,9
2022-06-09 10:49,459,86,9
2022-06-09 10:49,459,86,9
2022-06-09 10:49,459,86,9
2022-06-09 10:49,459,86,9
2022-06-09 10:49,459,86,9
2022-06-09 10:49,459,86,9
2022-06-09 10:49,459,86,9
2022-06-09 10:49,459,86,9
2022-06-09 10:49,459,86,9
2022-06-09 10:49,459,86,9
2022-06-09 10:49,459,86,9
2022-06-09 10:49,459,86,9
2022-06-09 10:49,459,86,9
2022-06-09 10:49,459,86,9
2022-06-09 10:49,459,86,9
2022-06-09 10:49,459,86,9
2022-06-09 10:49,459,86,9
2022-06-09 10:49,459,86,9
2022-06-09 10:49,459,86,9
2022-06-09 10:49,459,86,9
2022-06-09 10:49,459,86,9
2022-06-09 10:49,459,86,9
2022-06-09 10:49,459,86,9
2022-06-09 10:49,459,86,9
2022-06-09 10:49,459,86,9
2022-06-09 10:49,459,86,9
2022-06-09 10:49,459,86,9
2022-06-09 10:49,459,86,9
2022-06-09 10:49,459,86,9
2022-06-09 10:49,459,86,9
2022-06-09 10:49,459,86,9
2022-06-09 10:49,459,86,9
2022-06-09 10:49,459,86,9
2022-06-09 10:49,459,86,9
2022-06-09 10:49,459,86,9
2022-06-09 10:49,459,86,9
2022-06-09 10:49,459,86,9
2022-06-09 10:49,459,86,9
2022-06-09 10:49,459,86,9
2022-06-09 10:49,459,86,9
2022-06-09 10:49,459,86,9
2022-06-09 10:49,459,86,9
2022-06-09 10:49,459,86,9
2022-06-09 10:49,459,86,9
2022-06-09 10:49,459,86,9
2022-06-09 10:49,459,86,9
2022-06-09 10:49,459,86,9
2022-06-09 10:49,459,86,9
2022-06-09 10:49,459,86,9
2022-06-09 10:49,459,86,9
2022-06-09 10:49,459,86,9
2022-06-09 10:49,459,86,9
2022-06-09 10:49,459,86,9
2022-06-09 10:49,459,86,9
2022-06-09 10:49,459,86,9
2022-06-09 10:49,459,86,9
2022-06-09 10:49,459,86,9
2022-06-09 10:49,459,86,9
2022-06-09 10:49,459,86,9
2022-06-09 10:49,459,86,9
2022-06-09 10:49,459,86,9
2022-06-09 10:49,459,86,9
2022-06-09 10:49,459,86,9
2022-06-09 10:49,459,86,9
2022-06-09 10:49,459,86,9
2022-06-09 10:49,459,86,9
2022-06-09 10:49,459,86,9
2022-06-09 10:49,459,86,9
2022-06-09 10:49,459,86,9
2022-06-09 10:49,459,86,9
2022-06-09 10:49,459,86,9
2022-06-09 10:49,459,86,9
2022-06-09 10:49,459,86,9
2022-06-09 10:49,459,86,9
2022-06-09 10:49,459,86,9
2022-06-09 10:49,459,86,9
2022-06-09 10:49,459,86,9
2022-06-09 10:49,459,86,9
2022-06-09 10:49,459,86,9
2022-06-09 10:49,459,86,9
2022-06-09 10:49,459,86,9
2022-06-09 10:49,459,86,9
2022-06-09 10:49,459,86,9
2022-06-09 10:49,459,86,9
2022-06-09 10:49,459,86,9
2022-06-09 10:49,459,86,9
2022-06-09 10:49,459,86,9
2022-06-09 10:49,459,86,9
2022-06-09 10:49,459,86,9
2022-06-09 10:49,459,86,9
2022-06-09 10:49,459,86,9
2022-06-09 10:49,459,86,9
2022-06-09 10:49,459,86,9
2022-06-09 10:49,459,86,9
2022-06-09 10:49,459,86,9
2022-06-09 10:49,459,86,9
2022-06-09 10:49,459,86,9
2022-06-09 10:49,459,86,9
2022-06-09 10:49,459,86,9
2022-06-09 10:49,459,86,9
2022-06-09 10:49,459,86,9
2022-06-09 10:49,459,86,9
2022-06-09 10:49,459,86,9
2022-06-09 10:49,459,86,9
2022-06-09 10:49,459,86,9
2022-06-09 10:49,459,86,9
2022-06-09 10:49,459,86,9
2022-06-09 10:49,459,86,9
2022-06-09 10:49,459,86,9
2022-06-09 10:49,459,86,9
2022-06-09 10:49,459,86,9
2022-06-09 10:49,459,86,9
2022-06-09 10:49,459,86,9
2022-06-09 10:49,459,86,9
2022-06-09 10:49,459,86,9
2022-06-09 10:49,459,86,9
2022-06-09 10:49,459,86,9
2022-06-09 10:49,459,86,9
2022-06-09 10:49,459,86,9
2022-06-09 10:49,459,86,9
2022-06-09 10:49,459,86,9
2022-06-09 10:49,459,86,9
2022-06-09 10:49,459,86,9
2022-06-09 10:49,459,86,9
2022-06-09 10:49,459,86,9
2022-06-09 10:49,459,86,9
2022-06-09 10:49,459,86,9
2022-06-09 10:49,459,86,9
2022-06-09 10:49,459,86,9
2022-06-09 10:49,459,86,9
2022-06-09 10:49,459,86,9
2022-06-09 10:49,459,86,9
2022-06-09 10:49,459,86,9
2022-06-09 10:49,459,86,9
2022-06-09 10:49,459,86,9
2022-06-09 10:49,459,86,9
2022-06-09 10:49,459,86,9
2022-06-09 10:49,459,86,9
2022-06-09 10:49,459,86,9
2022-06-09 10:49,459,86,9
2022-06-09 10:49,459,86,9
2022-06-09 10:49,459,86,9
2022-06-09 10:49,459,86,9
2022-06-09 10:49,459,86,9
2022-06-09 10:49,459,86,9
2022-06-09 10:49,459,86,9
2022-06-09 10:49,459,86,9
2022-06-09 10:49,459,86,9
2022-06-09 10:49,459,86,9
2022-06-09 10:49,459,86,9
2022-06-09 10:49,459,86,9
2022-06-09 10:49,459,86,9
2022-06-09 10:49,459,86,9
2022-06-09 10:49,459,86,9
2022-06-09 10:49,459,86,9
2022-06-09 10:49,459,86,9
2022-06-09 10:49,459,86,9
2022-06-09 10:49,459,86,9
2022-06-09 10:49,459,86,9
2022-06-09 10:49,459,86,9
2022-06-09 10:49,459,86,9
2022-06-09 10:49,459,86,9
2022-06-09 10:49,459,86,9
2022-06-09 10:49,459,86,9
2022-06-09 10:49,459,86,9
2022-06-09 10:49,459,86,9
2022-06-09 10:49,459,86,9
2022-06-09 10:49,459,86,9
2022-06-09 10:49,459,86,9
2022-06-09 10:49,459,86,9
2022-06-09 10:49,459,86,9
2022-06-09 10:49,459,86,9
2022-06-09 10:49,459,86,9
2022-06-09 10:49,459,86,9
2022-06-09 10:49,459,86,9
2022-06-09 10:49,459,86,9
2022-06-09 10:49,459,86,9
2022-06-09 10:49,459,86,9
2022-06-09 10:49,459,86,9
2022-06-09 10:49,459,86,9
2022-06-09 10:49,459,86,9
2022-06-09 10:49,459,86,9
2022-06-09 10:49,459,86,9
2022-06-09 10:49,459,86,9
2022-06-09 10:49,459,86,9
2022-06-09 10:49,459,86,9
2022-06-09 10:49,459,86,9
2022-06-09 10:49,459,86,9
2022-06-09 10:49,459,86,9
2022-06-09 10:49,459,86,9
2022-06-09 10:49,459,86,9
2022-06-09 10:49,459,86,9
2022-06-09 10:49,459,86,9
2022-06-09 10:49,459,86,9
2022-06-09 10:49,459,86,9
2022-06-09 10:49,459,86,9
2022-06-09 10:49,459,86,9
2022-06-09 10:49,459,86,9
2022-06-09 10:49,459,86,9
2022-06-09 10:49,459,86,9
2022-06-09 10:49,459,86,9
2022-06-09 10:49,459,86,9
2022-06-09 10:49,459,86,9
2022-06-09 10:49,459,86,9
2022-06-09 10:49,459,86,9
2022-06-09 10:49,459,86,9
2022-06-09 10:49,459,86,9
2022-06-09 10:49,459,86,9
2022-06-09 10:49,459,86,9
2022-06-09 10:49,459,86,9
2022-06-09 10:49,459,86,9
2022-06-09 10:49,459,86,9
2022-06-09 10:49,459,86,9
2022-06-09 10:49,459,86,9
2022-06-09 10:49,459,86,9
2022-06-09 10:49,459,86,9
2022-06-09 10:49,459,86,9
2022-06-09 10:49,459,86,9
2022-06-09 10:49,459,86,9
2022-06-09 10:49,459,86,9
2022-06-09 10:49,459,86,9
2022-06-09 10:49,459,86,9
2022-06-09 10:49,459,86,9
2022-06-09 10:49,459,86,9
2022-06-09 10:49,459,86,9
2022-06-09 10:49,459,86,9
2022-06-09 10:49,459,86,9
2022-06-09 10:49,459,86,9
2022-06-09 10:49,459,86,9
2022-06-09 10:49,459,86,9
2022-06-09 10:49,459,86,9
2022-06-09 10:49,459,86,9
2022-06-09 10:49,459,86,9
2022-06-09 10:49,459,86,9
2022-06-09 10:49,459,86,9
2022-06-09 10:49,459,86,9
2022-06-09 10:49,459,86,9
2022-06-09 10:49,459,86,9
2022-06-09 10:49,459,86,9
2022-06-09 10:49,459,86,9
2022-06-09 10:49,459,86,9
2022-06-09 10:49,459,86,9
2022-06-09 10:49,459,86,9
2022-06-09 10:49,459,86,9
2022-06-09 10:49,459,86,9
2022-06-09 10:49,459,86,9
2022-06-09 10:49,459,86,9
2022-06-09 10:49,459,86,9
2022-06-09 10:49,459,86,9
2022-06-09 10:49,459,86,9
2022-06-09 10:49,459,86,9
2022-06-09 10:49,459,86,9
2022-06-09 10:49,459,86,9
2022-06-09 10:49,459,86,9
2022-06-09 10:49,459,86,9
2022-06-09 10:49,459,86,9
2022-06-09 10:49,459,86,9
2022-06-09 10:49,459,86,9
2022-06-09 10:49,459,86,9
2022-06-09 10:49,459,86,9
2022-06-09 10:49,459,86,9
2022-06-09 10:49,459,86,9
2022-06-09 10:49,459,86,9
2022-06-09 10:49,459,86,9
2022-06-09 10:49,459,86,9
2022-06-09 10:49,459,86,9
2022-06-09 10:49,459,86,9
2022-06-09 10:49,459,86,9
2022-06-09 10:49,459,86,9
2022-06-09 10:49,459,86,9
2022-06-09 10:49,459,86,9
2022-06-09 10:49,459,86,9
2022-06-09 10:49,459,86,9
2022-06-09 10:49,459,86,9
2022-06-09 10:49,459,86,9
2022-06-09 10:49,459,86,9
2022-06-09 10:49,459,86,9
2022-06-09 10:49,459,86,9
2022-06-09 10:49,459,86,9
2022-06-09 10:49,459,86,9
2022-06-09 10:49,459,86,9
2022-06-09 10:49,459,86,9
2022-06-09 10:49,459,86,9
2022-06-09 10:49,459,86,9
2022-06-09 10:49,459,86,9
2022-06-09 10:49,459,86,9
2022-06-09 10:49,459,86,9
2022-06-09 10:49,459,86,9
2022-06-09 10:49,459,86,9
2022-06-09 10:49,459,86,9
2022-06-09 10:49,459,86,9
2022-06-09 10:49,459,86,9
2022-06-09 10:49,459,86,9
2022-06-09 10:49,459,86,9
2022-06-09 10:49,459,86,9
2022-06-09 10:49,459,86,9
2022-06-09 10:49,459,86,9
2022-06-09 10:49,459,86,9
2022-06-09 10:49,459,86,9
2022-06-09 10:49,459,86,9
2022-06-09 10:49,459,86,9
2022-06-09 10:49,459,86,9
2022-06-09 10:49,459,86,9
2022-06-09 10:49,459,86,9
2022-06-09 10:49,459,86,9
2022-06-09 10:49,459,86,9
2022-06-09 10:49,459,86,9
2022-06-09 10:49,459,86,9
2022-06-09 10:49,459,86,9
2022-06-09 10:49,459,86,9
2022-06-09 10:49,459,86,9
2022-06-09 10:49,459,86,9
2022-06-09 10:49,459,86,9
2022-06-09 10:49,459,86,9
2022-06-09 10:49,459,86,9
2022-06-09 10:49,459,86,9
2022-06-09 10:49,459,86,9
2022-06-09 10:49,459,86,9
2022-06-09 10:49,459,86,9
2022-06-09 10:49,459,86,9
2022-06-09 10:49,459,86,9
2022-06-09 10:49,459,86,9
2022-06-09 10:49,459,86,9
2022-06-09 10:49,459,86,9
2022-06-09 10:49,459,86,9
2022-06-09 10:49,459,86,9
2022-06-09 10:49,459,86,9
2022-06-09 10:49,459,86,9
2022-06-09 10:49,459,86,9
2022-06-09 10:49,459,86,9
2022-06-09 10:49,459,86,9
2022-06-09 10:49,459,86,9
2022-06-09 10:49,459,86,9
2022-06-09 10:49,459,86,9
2022-06-09 10:49,459,86,9
2022-06-09 10:49,459,86,9
2022-06-09 10:49,459,86,9
2022-06-09 10:49,459,86,9
2022-06-09 10:49,459,86,9
2022-06-09 10:49,459,86,9
2022-06-09 10:49,459,86,9
2022-06-09 10:49,459,86,9
2022-06-09 10:49,459,86,9
2022-06-09 10:49,459,86,9
2022-06-09 10:49,459,86,9
2022-06-09 10:49,459,86,9
2022-06-09 10:49,459,86,9
2022-06-09 10:49,459,86,9
2022-06-09 10:49,459,86,9
2022-06-09 10:49,459,86,9
2022-06-09 10:49,459,86,9
2022-06-09 10:49,459,86,9
2022-06-09 10:49,459,86,9
2022-06-09 10:49,459,86,9
2022-06-09 10:49,459,86,9
2022-06-09 10:49,459,86,9
2022-06-09 10:49,459,86,9
2022-06-09 10:49,459,86,9
2022-06-09 10:49,459,86,9
2022-06-09 10:49,459,86,9
2022-06-09 10:49,459,86,9
2022-06-09 10:49,459,86,9
2022-06-09 10:49,459,86,9
2022-06-09 10:49,459,86,9
2022-06-09 10:49,459,86,9
2022-06-09 10:49,459,86,9
2022-06-09 10:49,459,86,9
2022-06-09 10:49,459,86,9
2022-06-09 10:49,459,86,9
2022-06-09 10:49,459,86,9
2022-06-09 10:49,459,86,9
2022-06-09 10:49,459,86,9
2022-06-09 10:49,459,86,9
2022-06-09 10:49,459,86,9
2022-06-09 10:49,459,86,9
2022-06-09 10:49,459,86,9
2022-06-09 10:49,459,86,9
2022-06-09 10:49,459,86,9
2022-06-09 10:49,459,86,9
2022-06-09 10:49,459,86,9
2022-06-09 10:49,459,86,9
2022-06-09 10:49,459,86,9
2022-06-09 10:49,459,86,9
2022-06-09 10:49,459,86,9
2022-06-09 10:49,459,86,9
2022-06-09 10:49,459,86,9
2022-06-09 10:49,459,86,9
2022-06-09 10:49,459,86,9
2022-06-09 10:49,459,86,9
2022-06-09 10:49,459,86,9
2022-06-09 10:49,459,86,9
2022-06-09 10:49,459,86,9
2022-06-09 10:49,459,86,9
2022-06-09 10:49,459,86,9
2022-06-09 10:49,459,86,9
2022-06-09 10:49,459,86,9
2022-06-09 10:49,459,86,9
2022-06-09 10:49,459,86,9
2022-06-09 10:49,459,86,9
2022-06-09 10:49,459,86,9
2022-06-09 10:49,459,86,9
2022-06-09 10:49,459,86,9
2022-06-09 10:49,459,86,9
2022-06-09 10:49,459,86,9
2022-06-09 10:49,459,86,9
2022-06-09 10:49,459,86,9
2022-06-09 10:49,459,86,9
2022-06-09 10:49,459,86,9
2022-06-09 10:49,459,86,9
2022-06-09 10:49,459,86,9
2022-06-09 10:49,459,86,9
2022-06-09 10:49,459,86,9
2022-06-09 10:49,459,86,9
2022-06-09 10:49,459,86,9
2022-06-09 10:49,459,86,9
2022-06-09 10:49,459,86,9
2022-06-09 10:49,459,86,9
2022-06-09 10:49,459,86,9
2022-06-09 10:49,459,86,9
2022-06-09 10:49,459,86,9
2022-06-09 10:49,459,86,9
2022-06-09 10:49,459,86,9
2022-06-09 10:49,459,86,9
2022-06-09 10:49,459,86,9
2022-06-09 10:49,459,86,9
2022-06-09 10:49,459,86,9
2022-06-09 10:49,459,86,9
2022-06-09 10:49,459,86,9
2022-06-09 10:49,459,86,9
2022-06-09 10:49,459,86,9
2022-06-09 10:49,459,86,9
2022-06-09 10:49,459,86,9
2022-06-09 10:49,459,86,9
2022-06-09 10:49,459,86,9
2022-06-09 10:49,459,86,9
2022-06-09 10:49,459,86,9
2022-06-09 10:49,459,86,9
2022-06-09 10:49,459,86,9
2022-06-09 10:49,459,86,9
2022-06-09 10:49,459,86,9
2022-06-09 10:49,459,86,9
2022-06-09 10:49,459,86,9
2022-06-09 10:49,459,86,9
2022-06-09 10:49,459,86,9
2022-06-09 10:49,459,86,9
2022-06-09 10:49,459,86,9
2022-06-09 10:49,459,86,9
2022-06-09 10:49,459,86,9
2022-06-09 10:49,459,86,9
2022-06-09 10:49,459,86,9
2022-06-09 10:49,459,86,9
2022-06-09 10:49,459,86,9
2022-06-09 10:49,459,86,9
2022-06-09 10:49,459,86,9
2022-06-09 10:49,459,86,9
2022-06-09 10:49,459,86,9
2022-06-09 10:49,459,86,9
2022-06-09 10:49,459,86,9
2022-06-09 10:49,459,86,9
2022-06-09 10:49,459,86,9
2022-06-09 10:49,459,86,9
2022-06-09 10:49,459,86,9
2022-06-09 10:49,459,86,9
2022-06-09 10:49,459,86,9
2022-06-09 10:49,459,86,9
2022-06-09 10:49,459,86,9
2022-06-09 10:49,459,86,9
2022-06-09 10:51,459,86,9
2022-06-09 10:51,459,86,9
2022-06-09 10:51,459,86,9
2022-06-09 10:51,459,86,9
2022-06-09 10:51,459,86,9
2022-06-09 10:51,459,86,9
2022-06-09 10:51,459,86,9
2022-06-09 10:51,459,86,9
2022-06-09 10:51,459,86,9
2022-06-09 10:51,459,86,9
2022-06-09 10:51,459,86,9
2022-06-09 10:51,459,86,9
2022-06-09 10:51,459,86,9
2022-06-09 10:51,459,86,9
2022-06-09 10:51,459,86,9
2022-06-09 10:51,459,86,9
2022-06-09 10:51,459,86,9
2022-06-09 10:51,459,86,9
2022-06-09 10:51,459,86,9
2022-06-09 10:51,459,86,9
2022-06-09 10:51,459,86,9
2022-06-09 10:51,459,86,9
2022-06-09 10:51,459,86,9
2022-06-09 10:51,459,86,9
2022-06-09 10:51,459,86,9
2022-06-09 10:51,459,86,9
2022-06-09 10:51,459,86,9
2022-06-09 10:51,459,86,9
2022-06-09 10:51,459,86,9
2022-06-09 10:51,459,86,9
2022-06-09 10:51,459,86,9
2022-06-09 10:51,459,86,9
2022-06-09 10:51,459,86,9
2022-06-09 10:51,459,86,9
2022-06-09 10:51,459,86,9
2022-06-09 10:51,459,86,9
2022-06-09 10:51,459,86,9
2022-06-09 10:51,459,86,9
2022-06-09 10:51,459,86,9
2022-06-09 10:51,459,86,9
2022-06-09 10:51,459,86,9
2022-06-09 10:51,459,86,9
2022-06-09 10:51,459,86,9
2022-06-09 10:51,459,86,9
2022-06-09 10:51,459,86,9
2022-06-09 10:51,459,86,9
2022-06-09 10:51,459,86,9
2022-06-09 10:51,459,86,9
2022-06-09 10:51,459,86,9
2022-06-09 10:51,459,86,9
2022-06-09 10:51,459,86,9
2022-06-09 10:51,459,86,9
2022-06-09 10:51,459,86,9
2022-06-09 10:51,459,86,9
2022-06-09 10:51,459,86,9
2022-06-09 10:51,459,86,9
2022-06-09 10:51,459,86,9
2022-06-09 10:51,459,86,9
2022-06-09 10:51,459,86,9
2022-06-09 10:51,459,86,9
2022-06-09 10:51,459,86,9
2022-06-09 10:51,459,86,9
2022-06-09 10:51,459,86,9
2022-06-09 10:51,459,86,9
2022-06-09 10:51,459,86,9
2022-06-09 10:51,459,86,9
2022-06-09 10:51,459,86,9
2022-06-09 10:51,459,86,9
2022-06-09 10:51,459,86,9
2022-06-09 10:51,459,86,9
2022-06-09 10:51,459,86,9
2022-06-09 10:51,459,86,9
2022-06-09 10:51,459,86,9
2022-06-09 10:51,459,86,9
2022-06-09 10:51,459,86,9
2022-06-09 10:51,459,86,9
2022-06-09 10:51,459,86,9
2022-06-09 10:51,459,86,9
2022-06-09 10:51,459,86,9
2022-06-09 10:51,459,86,9
2022-06-09 10:51,459,86,9
2022-06-09 10:51,459,86,9
2022-06-09 10:51,459,86,9
2022-06-09 10:51,459,86,9
2022-06-09 10:51,459,86,9
2022-06-09 10:51,459,86,9
2022-06-09 10:51,459,86,9
2022-06-09 10:51,459,86,9
2022-06-09 10:51,459,86,9
2022-06-09 10:51,459,86,9
2022-06-09 10:51,459,86,9
2022-06-09 10:51,459,86,9
2022-06-09 10:51,459,86,9
2022-06-09 10:51,459,86,9
2022-06-09 10:51,459,86,9
2022-06-09 10:51,459,86,9
2022-06-09 10:51,459,86,9
2022-06-09 10:51,459,86,9
2022-06-09 10:51,459,86,9
2022-06-09 10:51,459,86,9
2022-06-09 10:51,459,86,9
2022-06-09 10:51,459,86,9
2022-06-09 10:51,459,86,9
2022-06-09 10:51,459,86,9
2022-06-09 10:51,459,86,9
2022-06-09 10:51,459,86,9
2022-06-09 10:51,459,86,9
2022-06-09 10:51,459,86,9
2022-06-09 10:51,459,86,9
2022-06-09 10:51,459,86,9
2022-06-09 10:51,459,86,9
2022-06-09 10:51,459,86,9
2022-06-09 10:51,459,86,9
2022-06-09 10:51,459,86,9
2022-06-09 10:51,459,86,9
2022-06-09 10:51,459,86,9
2022-06-09 10:51,459,86,9
2022-06-09 10:51,459,86,9
2022-06-09 10:51,459,86,9
2022-06-09 10:51,459,86,9
2022-06-09 10:51,459,86,9
2022-06-09 10:51,459,86,9
2022-06-09 10:51,459,86,9
2022-06-09 10:51,459,86,9
2022-06-09 10:51,459,86,9
2022-06-09 10:51,459,86,9
2022-06-09 10:51,459,86,9
2022-06-09 10:51,459,86,9
2022-06-09 10:51,459,86,9
2022-06-09 10:51,459,86,9
2022-06-09 10:51,459,86,9
2022-06-09 10:51,459,86,9
2022-06-09 10:51,459,86,9
2022-06-09 10:51,459,86,9
2022-06-09 10:51,459,86,9
2022-06-09 10:51,459,86,9
2022-06-09 10:51,459,86,9
2022-06-09 10:51,459,86,9
2022-06-09 10:51,459,86,9
2022-06-09 10:51,459,86,9
2022-06-09 10:51,459,86,9
2022-06-09 10:51,459,86,9
2022-06-09 10:51,459,86,9
2022-06-09 10:51,459,86,9
2022-06-09 10:51,459,86,9
2022-06-09 10:51,459,86,9
2022-06-09 10:51,459,86,9
2022-06-09 10:51,459,86,9
2022-06-09 10:51,459,86,9
2022-06-09 10:51,459,86,9
2022-06-09 10:51,459,86,9
2022-06-09 10:51,459,86,9
2022-06-09 10:51,459,86,9
2022-06-09 10:51,459,86,9
2022-06-09 10:51,459,86,9
2022-06-09 10:51,459,86,9
2022-06-09 10:51,459,86,9
2022-06-09 10:51,459,86,9
2022-06-09 10:51,459,86,9
2022-06-09 10:51,459,86,9
2022-06-09 10:51,459,86,9
2022-06-09 10:51,459,86,9
2022-06-09 10:51,459,86,9
2022-06-09 10:51,459,86,9
2022-06-09 10:51,459,86,9
2022-06-09 10:51,459,86,9
2022-06-09 10:51,459,86,9
2022-06-09 10:51,459,86,9
2022-06-09 10:51,459,86,9
2022-06-09 10:51,459,86,9
2022-06-09 10:51,459,86,9
2022-06-09 10:51,459,86,9
2022-06-09 10:51,459,86,9
2022-06-09 10:51,459,86,9
2022-06-09 10:51,459,86,9
2022-06-09 10:51,459,86,9
2022-06-09 10:51,459,86,9
2022-06-09 10:51,459,86,9
2022-06-09 10:51,459,86,9
2022-06-09 10:51,459,86,9
2022-06-09 10:51,459,86,9
2022-06-09 10:51,459,86,9
2022-06-09 10:51,459,86,9
2022-06-09 10:51,459,86,9
2022-06-09 10:51,459,86,9
2022-06-09 10:51,459,86,9
2022-06-09 10:51,459,86,9
2022-06-09 10:51,459,86,9
2022-06-09 10:51,459,86,9
2022-06-09 10:51,459,86,9
2022-06-09 10:51,459,86,9
2022-06-09 10:51,459,86,9
2022-06-09 10:51,459,86,9
2022-06-09 10:51,459,86,9
2022-06-09 10:51,459,86,9
2022-06-09 10:51,459,86,9
2022-06-09 10:51,459,86,9
2022-06-09 10:51,459,86,9
2022-06-09 10:51,459,86,9
2022-06-09 10:51,459,86,9
2022-06-09 10:51,459,86,9
2022-06-09 10:51,459,86,9
2022-06-09 10:51,459,86,9
2022-06-09 10:51,459,86,9
2022-06-09 10:51,459,86,9
2022-06-09 10:51,459,86,9
2022-06-09 10:51,459,86,9
2022-06-09 10:51,459,86,9
2022-06-09 10:51,459,86,9
2022-06-09 10:51,459,86,9
2022-06-09 10:51,459,86,9
2022-06-09 10:51,459,86,9
2022-06-09 10:51,459,86,9
2022-06-09 10:51,459,86,9
2022-06-09 10:51,459,86,9
2022-06-09 10:51,459,86,9
2022-06-09 10:51,459,86,9
2022-06-09 10:51,459,86,9
2022-06-09 10:51,459,86,9
2022-06-09 10:51,459,86,9
2022-06-09 10:51,459,86,9
2022-06-09 10:51,459,86,9
2022-06-09 10:51,459,86,9
2022-06-09 10:51,459,86,9
2022-06-09 10:51,459,86,9
2022-06-09 10:51,459,86,9
2022-06-09 10:51,459,86,9
2022-06-09 10:51,459,86,9
2022-06-09 10:51,459,86,9
2022-06-09 10:51,459,86,9
2022-06-09 10:51,459,86,9
2022-06-09 10:51,459,86,9
2022-06-09 10:51,459,86,9
2022-06-09 10:51,459,86,9
2022-06-09 10:51,459,86,9
2022-06-09 10:51,459,86,9
2022-06-09 10:51,459,86,9
2022-06-09 10:51,459,86,9
2022-06-09 10:51,459,86,9
2022-06-09 10:51,459,86,9
2022-06-09 10:51,459,86,9
2022-06-09 10:51,459,86,9
2022-06-09 10:51,459,86,9
2022-06-09 10:51,459,86,9
2022-06-09 10:51,459,86,9
2022-06-09 10:51,459,86,9
2022-06-09 10:51,459,86,9
2022-06-09 10:51,459,86,9
2022-06-09 10:51,459,86,9
2022-06-09 10:51,459,86,9
2022-06-09 10:51,459,86,9
2022-06-09 10:51,459,86,9
2022-06-09 10:51,459,86,9
2022-06-09 10:51,459,86,9
2022-06-09 10:51,459,86,9
2022-06-09 10:51,459,86,9
2022-06-09 10:51,459,86,9
2022-06-09 10:51,459,86,9
2022-06-09 10:51,459,86,9
2022-06-09 10:51,459,86,9
2022-06-09 10:51,459,86,9
2022-06-09 10:51,459,86,9
2022-06-09 10:51,459,86,9
2022-06-09 10:51,459,86,9
2022-06-09 10:51,459,86,9
2022-06-09 10:51,459,86,9
2022-06-09 10:51,459,86,9
2022-06-09 10:51,459,86,9
2022-06-09 10:51,459,86,9
2022-06-09 10:51,459,86,9
2022-06-09 10:51,459,86,9
2022-06-09 10:51,459,86,9
2022-06-09 10:51,459,86,9
2022-06-09 10:51,459,86,9
2022-06-09 10:51,459,86,9
2022-06-09 10:51,459,86,9
2022-06-09 10:51,459,86,9
2022-06-09 10:51,459,86,9
2022-06-09 10:51,459,86,9
2022-06-09 10:51,459,86,9
2022-06-09 10:51,459,86,9
2022-06-09 10:51,459,86,9
2022-06-09 10:51,459,86,9
2022-06-09 10:51,459,86,9
2022-06-09 10:51,459,86,9
2022-06-09 10:51,459,86,9
2022-06-09 10:51,459,86,9
2022-06-09 10:51,459,86,9
2022-06-09 10:51,459,86,9
2022-06-09 10:51,459,86,9
2022-06-09 10:51,459,86,9
2022-06-09 10:51,459,86,9
2022-06-09 10:51,459,86,9
2022-06-09 10:51,459,86,9
2022-06-09 10:51,459,86,9
2022-06-09 10:51,459,86,9
2022-06-09 10:51,459,86,9
2022-06-09 10:51,459,86,9
2022-06-09 10:51,459,86,9
2022-06-09 10:51,459,86,9
2022-06-09 10:51,459,86,9
2022-06-09 10:51,459,86,9
2022-06-09 10:51,459,86,9
2022-06-09 10:51,459,86,9
2022-06-09 10:51,459,86,9
2022-06-09 10:51,459,86,9
2022-06-09 10:51,459,86,9
2022-06-09 10:51,459,86,9
2022-06-09 10:51,459,86,9
2022-06-09 10:51,459,86,9
2022-06-09 10:51,459,86,9
2022-06-09 10:51,459,86,9
2022-06-09 10:51,459,86,9
2022-06-09 10:51,459,86,9
2022-06-09 10:51,459,86,9
2022-06-09 10:51,459,86,9
2022-06-09 10:51,459,86,9
2022-06-09 10:51,459,86,9
2022-06-09 10:51,459,86,9
2022-06-09 10:51,459,86,9
2022-06-09 10:51,459,86,9
2022-06-09 10:51,459,86,9
2022-06-09 10:51,459,86,9
2022-06-09 10:51,459,86,9
2022-06-09 10:51,459,86,9
2022-06-09 10:51,459,86,9
2022-06-09 10:51,459,86,9
2022-06-09 10:51,459,86,9
2022-06-09 10:51,459,86,9
2022-06-09 10:51,459,86,9
2022-06-09 10:51,459,86,9
2022-06-09 10:51,459,86,9
2022-06-09 10:51,459,86,9
2022-06-09 10:51,459,86,9
2022-06-09 10:51,459,86,9
2022-06-09 10:51,459,86,9
2022-06-09 10:51,459,86,9
2022-06-09 10:51,459,86,9
2022-06-09 10:51,459,86,9
2022-06-09 10:51,459,86,9
2022-06-09 10:51,459,86,9
2022-06-09 10:51,459,86,9
2022-06-09 10:51,459,86,9
2022-06-09 10:51,459,86,9
2022-06-09 10:51,459,86,9
2022-06-09 10:51,459,86,9
2022-06-09 10:51,459,86,9
2022-06-09 10:51,459,86,9
2022-06-09 10:51,459,86,9
2022-06-09 10:51,459,86,9
2022-06-09 10:51,459,86,9
2022-06-09 10:51,459,86,9
2022-06-09 10:51,459,86,9
2022-06-09 10:51,459,86,9
2022-06-09 10:51,459,86,9
2022-06-09 10:51,459,86,9
2022-06-09 10:51,459,86,9
2022-06-09 10:51,459,86,9
2022-06-09 10:51,459,86,9
2022-06-09 10:51,459,86,9
2022-06-09 10:51,459,86,9
2022-06-09 10:51,459,86,9
2022-06-09 10:51,459,86,9
2022-06-09 10:51,459,86,9
2022-06-09 10:51,459,86,9
2022-06-09 10:51,459,86,9
2022-06-09 10:51,459,86,9
2022-06-09 10:51,459,86,9
2022-06-09 10:51,459,86,9
2022-06-09 10:51,459,86,9
2022-06-09 10:51,459,86,9
2022-06-09 10:51,459,86,9
2022-06-09 10:51,459,86,9
2022-06-09 11:03,459,28,32
2022-06-09 11:03,459,28,32
2022-06-09 11:03,459,29,32
2022-06-09 11:03,459,28,32
2022-06-09 11:03,459,28,32
2022-06-09 11:03,459,29,32
2022-06-09 11:03,878,29,32
2022-06-09 11:03,878,29,32
2022-06-09 11:03,878,29,32
2022-06-09 11:03,878,29,32
2022-06-09 11:03,878,29,32
2022-06-09 11:03,878,29,32
2022-06-09 11:03,878,29,32
2022-06-09 11:03,878,29,32
2022-06-09 11:03,878,29,32
2022-06-09 11:03,878,29,32
2022-06-09 11:03,878,28,32
2022-06-09 11:03,878,29,32
2022-06-09 11:03,878,29,32
2022-06-09 11:03,878,29,32
2022-06-09 11:03,878,29,32
2022-06-09 11:03,878,29,32
2022-06-09 11:03,878,29,32
2022-06-09 11:03,878,29,32
2022-06-09 11:03,878,29,32
2022-06-09 11:03,878,29,32
2022-06-09 11:03,878,28,32
2022-06-09 11:03,878,29,32
2022-06-09 11:03,878,29,32
2022-06-09 11:03,878,29,32
2022-06-09 11:03,878,29,32
2022-06-09 11:03,878,29,32
2022-06-09 11:03,878,29,32
2022-06-09 11:03,878,29,32
2022-06-09 11:03,878,29,32
2022-06-09 11:03,878,28,32
2022-06-09 11:03,878,29,32
2022-06-09 11:03,878,28,32
2022-06-09 11:03,878,29,32
2022-06-09 11:03,878,29,32
2022-06-09 11:03,878,29,32
2022-06-09 11:03,878,29,32
2022-06-09 11:03,878,29,32
2022-06-09 11:03,878,29,32
2022-06-09 11:03,878,29,32
2022-06-09 11:03,878,29,32
2022-06-09 11:03,878,29,32
2022-06-09 11:03,878,29,32
2022-06-09 11:03,878,29,32
2022-06-09 11:03,878,29,32
2022-06-09 11:03,878,29,32
2022-06-09 11:03,878,29,32
2022-06-09 11:03,878,29,32
2022-06-09 11:03,878,29,32
2022-06-09 11:03,878,29,32
2022-06-09 11:03,878,29,32
2022-06-09 11:03,878,28,32
2022-06-09 11:03,878,28,32
2022-06-09 11:03,878,29,32
2022-06-09 11:03,878,29,32
2022-06-09 11:03,878,29,32
2022-06-09 11:03,878,29,32
2022-06-09 11:03,878,29,32
2022-06-09 11:03,878,29,32
2022-06-09 11:03,878,29,32
2022-06-09 11:03,878,29,32
2022-06-09 11:03,878,29,32
2022-06-09 11:03,878,29,32
2022-06-09 11:03,878,28,32
2022-06-09 11:03,878,29,32
2022-06-09 11:03,878,29,32
2022-06-09 11:03,878,29,32
2022-06-09 11:03,878,29,32
2022-06-09 11:03,878,29,32
2022-06-09 11:03,878,29,32
2022-06-09 11:03,878,29,32
2022-06-09 11:03,878,29,32
2022-06-09 11:03,878,29,32
2022-06-09 11:03,878,29,32
2022-06-09 11:03,878,29,32
2022-06-09 11:03,878,29,32
2022-06-09 11:03,878,29,32
2022-06-09 11:03,878,29,32
2022-06-09 11:03,878,29,32
2022-06-09 11:03,878,28,32
2022-06-09 11:03,878,28,32
2022-06-09 11:03,878,29,32
2022-06-09 11:03,878,29,32
2022-06-09 11:03,878,29,32
2022-06-09 11:03,878,29,32
2022-06-09 11:03,878,29,32
2022-06-09 11:03,878,29,32
2022-06-09 11:03,878,29,32
2022-06-09 11:03,878,29,32
2022-06-09 11:03,878,29,32
2022-06-09 11:03,878,29,32
2022-06-09 11:03,878,29,32
2022-06-09 11:03,878,29,32
2022-06-09 11:03,878,29,32
2022-06-09 11:03,878,29,32
2022-06-09 11:03,878,29,32
2022-06-09 11:03,878,29,32
2022-06-09 11:03,878,29,32
2022-06-09 11:03,878,29,32
2022-06-09 11:03,878,29,32
2022-06-09 11:03,878,29,32
2022-06-09 11:03,878,29,32
2022-06-09 11:03,878,28,32
2022-06-09 11:03,878,29,32
2022-06-09 11:03,878,29,32
2022-06-09 11:03,878,29,32
2022-06-09 11:03,878,29,32
2022-06-09 11:03,878,29,32
2022-06-09 11:03,878,29,32
2022-06-09 11:03,878,29,32
2022-06-09 11:03,878,29,32
2022-06-09 11:03,878,29,32
2022-06-09 11:03,878,29,32
2022-06-09 11:03,878,29,32
2022-06-09 11:03,878,29,32
2022-06-09 11:03,878,29,32
2022-06-09 11:03,878,29,32
2022-06-09 11:03,878,29,32
2022-06-09 11:03,878,29,32
2022-06-09 11:03,878,29,32
2022-06-09 11:03,878,29,32
2022-06-09 11:03,878,29,32
2022-06-09 11:03,878,29,32
2022-06-09 11:03,878,29,32
2022-06-09 11:03,878,29,32
2022-06-09 11:03,878,29,32
2022-06-09 11:03,878,29,32
2022-06-09 11:03,878,29,32
2022-06-09 11:03,878,29,32
2022-06-09 11:03,878,29,32
2022-06-09 11:03,878,29,32
2022-06-09 11:03,878,29,32
2022-06-09 11:03,878,29,32
2022-06-09 11:03,878,29,32
2022-06-09 11:03,878,29,32
2022-06-09 11:03,878,29,32
2022-06-09 11:03,878,29,32
2022-06-09 11:03,878,29,32
2022-06-09 11:03,878,29,32
2022-06-09 11:03,878,29,32
2022-06-09 11:03,878,29,32
2022-06-09 11:03,878,29,32
2022-06-09 11:03,878,29,32
2022-06-09 11:03,878,29,32
2022-06-09 11:03,878,29,32
2022-06-09 11:03,878,29,32
2022-06-09 11:03,878,29,32
2022-06-09 11:03,878,29,32
2022-06-09 11:03,878,29,32
2022-06-09 11:03,878,29,32
2022-06-09 11:03,878,29,32
2022-06-09 11:03,878,29,32
2022-06-09 11:03,878,29,32
2022-06-09 11:03,878,29,32
2022-06-09 11:03,878,29,32
2022-06-09 11:03,878,29,32
2022-06-09 11:03,878,29,32
2022-06-09 11:03,878,29,32
2022-06-09 11:03,878,29,32
2022-06-09 11:03,878,29,32
2022-06-09 11:03,878,29,32
2022-06-09 11:03,878,29,32
2022-06-09 11:03,878,29,32
2022-06-09 11:03,878,29,32
2022-06-09 11:03,878,29,32
2022-06-09 11:03,878,29,32
2022-06-09 11:03,878,28,32
2022-06-09 11:03,878,29,32
2022-06-09 11:03,878,29,32
2022-06-09 11:03,878,29,32
2022-06-09 11:03,878,29,32
2022-06-09 11:03,878,29,32
2022-06-09 11:03,878,29,32
2022-06-09 11:03,878,29,32
2022-06-09 11:03,878,29,32
2022-06-09 11:03,878,29,32
2022-06-09 11:03,878,29,32
2022-06-09 11:03,878,29,32
2022-06-09 11:03,878,29,32
2022-06-09 11:03,878,29,32
2022-06-09 11:03,878,29,32
2022-06-09 11:03,878,29,32
2022-06-09 11:03,878,29,32
2022-06-09 11:03,878,29,32
2022-06-09 11:03,878,29,32
2022-06-09 11:03,878,29,32
2022-06-09 11:03,878,29,32
2022-06-09 11:03,878,29,32
2022-06-09 11:03,878,29,32
2022-06-09 11:03,878,29,32
2022-06-09 11:03,878,29,32
2022-06-09 11:03,878,29,32
2022-06-09 11:03,878,29,32
2022-06-09 11:03,878,29,32
2022-06-09 11:03,878,29,32
2022-06-09 11:03,878,29,32
2022-06-09 11:03,878,29,32
2022-06-09 11:03,878,29,32
2022-06-09 11:03,878,29,32
2022-06-09 11:03,878,29,32
2022-06-09 11:03,878,29,32
2022-06-09 11:03,878,29,32
2022-06-09 11:03,878,29,32
2022-06-09 11:03,878,29,32
2022-06-09 11:03,878,29,32
2022-06-09 11:03,878,29,32
2022-06-09 11:03,878,29,32
2022-06-09 11:03,878,29,32
2022-06-09 11:03,878,29,32
2022-06-09 11:03,878,29,32
2022-06-09 11:03,878,29,32
2022-06-09 11:03,878,29,32
2022-06-09 11:03,878,29,32
2022-06-09 11:03,878,29,32
2022-06-09 11:03,878,29,32
2022-06-09 11:03,878,29,32
2022-06-09 11:03,878,29,32
2022-06-09 11:03,878,28,32
2022-06-09 11:03,878,29,32
2022-06-09 11:03,878,29,32
2022-06-09 11:03,878,29,32
2022-06-09 11:03,878,29,32
2022-06-09 11:03,878,29,32
2022-06-09 11:03,878,29,32
2022-06-09 11:03,878,29,32
2022-06-09 11:03,878,29,32
2022-06-09 11:03,878,29,32
2022-06-09 11:03,878,29,32
2022-06-09 11:03,878,29,32
2022-06-09 11:03,878,29,32
2022-06-09 11:03,878,29,32
2022-06-09 11:03,878,29,32
2022-06-09 11:03,878,29,32
2022-06-09 11:03,878,29,32
2022-06-09 11:03,878,29,32
2022-06-09 11:03,878,29,32
2022-06-09 11:03,878,29,32
2022-06-09 11:03,878,29,32
2022-06-09 11:03,878,29,32
2022-06-09 11:03,878,29,32
2022-06-09 11:03,878,29,32
2022-06-09 11:03,878,29,32
2022-06-09 11:03,878,29,32
2022-06-09 11:03,878,29,32
2022-06-09 11:03,878,29,32
2022-06-09 11:03,878,29,32
2022-06-09 11:03,878,29,32
2022-06-09 11:03,878,29,32
2022-06-09 11:03,878,29,32
2022-06-09 11:03,878,29,32
2022-06-09 11:03,878,29,32
2022-06-09 11:03,878,29,32
2022-06-09 11:03,878,29,32
2022-06-09 11:03,878,29,32
2022-06-09 11:03,878,29,32
2022-06-09 11:03,878,29,32
2022-06-09 11:03,878,29,32
2022-06-09 11:03,878,29,32
2022-06-09 11:03,878,29,32
2022-06-09 11:03,878,29,32
2022-06-09 11:03,878,29,32
2022-06-09 11:03,878,29,32
2022-06-09 11:03,878,29,32
2022-06-09 11:03,878,29,32
2022-06-09 11:03,878,29,32
2022-06-09 11:03,878,29,32
2022-06-09 11:03,878,29,32
2022-06-09 11:03,878,29,32
2022-06-09 11:03,878,28,32
2022-06-09 11:03,878,29,32
2022-06-09 11:03,878,29,32
2022-06-09 11:03,878,29,32
2022-06-09 11:03,878,29,32
2022-06-09 11:03,878,29,32
2022-06-09 11:03,878,29,32
2022-06-09 11:03,878,29,32
2022-06-09 11:03,878,29,32
2022-06-09 11:03,878,29,32
2022-06-09 11:03,878,29,32
2022-06-09 11:03,878,29,32
2022-06-09 11:03,878,29,32
2022-06-09 11:03,878,29,32
2022-06-09 11:03,878,29,32
2022-06-09 11:03,878,29,32
2022-06-09 11:03,878,29,32
2022-06-09 11:03,878,29,32
2022-06-09 11:03,878,28,32
2022-06-09 11:03,878,29,32
2022-06-09 11:03,878,29,32
2022-06-09 11:03,878,29,32
2022-06-09 11:03,878,29,32
2022-06-09 11:03,878,29,32
2022-06-09 11:03,878,29,32
2022-06-09 11:03,878,29,32
2022-06-09 11:03,878,29,32
2022-06-09 11:03,878,29,32
2022-06-09 11:03,878,29,32
2022-06-09 11:03,878,29,32
2022-06-09 11:03,878,29,32
2022-06-09 11:03,878,29,32
2022-06-09 11:03,878,29,32
2022-06-09 11:03,878,29,32
2022-06-09 11:03,878,29,32
2022-06-09 11:03,878,29,32
2022-06-09 11:03,878,29,32
2022-06-09 11:03,878,29,32
2022-06-09 11:03,878,29,32
2022-06-09 11:03,878,29,32
2022-06-09 11:03,878,29,32
2022-06-09 11:03,878,29,32
2022-06-09 11:03,878,29,32
2022-06-09 11:03,878,29,32
2022-06-09 11:03,878,29,32
2022-06-09 11:03,878,29,32
2022-06-09 11:03,878,29,32
2022-06-09 11:03,878,29,32
2022-06-09 11:03,818,29,32
2022-06-09 11:03,818,29,32
2022-06-09 11:03,878,29,32
2022-06-09 11:03,878,29,32
2022-06-09 11:03,878,29,32
2022-06-09 11:03,878,29,32
2022-06-09 11:03,878,29,32
2022-06-09 11:03,878,29,32
2022-06-09 11:03,878,29,32
2022-06-09 11:03,878,29,32
2022-06-09 11:03,878,29,32
2022-06-09 11:04,878,29,32
2022-06-09 11:04,878,29,32
2022-06-09 11:04,878,29,32
2022-06-09 11:04,878,29,32
2022-06-09 11:04,878,29,32
2022-06-09 11:04,878,29,32
2022-06-09 11:04,878,29,32
2022-06-09 11:04,878,29,32
2022-06-09 11:04,878,29,32
2022-06-09 11:04,878,29,32
2022-06-09 11:04,878,29,32
2022-06-09 11:04,878,29,32
2022-06-09 11:04,878,29,32
2022-06-09 11:04,878,29,32
2022-06-09 11:04,878,29,32
2022-06-09 11:04,878,29,32
2022-06-09 11:04,878,29,32
2022-06-09 11:04,878,29,32
2022-06-09 11:04,878,29,32
2022-06-09 11:04,878,29,32
2022-06-09 11:04,878,29,32
2022-06-09 11:04,878,29,32
2022-06-09 11:04,878,29,32
2022-06-09 11:04,878,29,32
2022-06-09 11:04,878,29,32
2022-06-09 11:04,878,29,32
2022-06-09 11:04,878,29,32
2022-06-09 11:04,878,29,32
2022-06-09 11:04,878,29,32
2022-06-09 11:04,878,29,32
2022-06-09 11:04,878,29,32
2022-06-09 11:04,878,29,32
2022-06-09 11:04,878,29,32
2022-06-09 11:04,878,29,32
2022-06-09 11:04,878,29,32
2022-06-09 11:04,878,29,32
2022-06-09 11:04,878,29,32
2022-06-09 11:04,878,29,32
2022-06-09 11:04,878,29,32
2022-06-09 11:04,878,29,32
2022-06-09 11:04,878,29,32
2022-06-09 11:04,878,29,32
2022-06-09 11:04,878,29,32
2022-06-09 11:04,878,29,32
2022-06-09 11:04,878,29,32
2022-06-09 11:04,878,29,32
2022-06-09 11:04,878,29,32
2022-06-09 11:04,878,29,32
2022-06-09 11:04,878,29,32
2022-06-09 11:04,878,29,32
2022-06-09 11:04,878,29,32
2022-06-09 11:04,878,29,32
2022-06-09 11:04,878,29,32
2022-06-09 11:04,878,29,32
2022-06-09 11:04,878,29,32
2022-06-09 11:04,878,29,32
2022-06-09 11:04,878,29,32
2022-06-09 11:04,878,29,32
2022-06-09 11:04,878,29,32
2022-06-09 11:04,878,29,32
2022-06-09 11:04,878,29,32
2022-06-09 11:04,878,29,32
2022-06-09 11:04,878,29,32
2022-06-09 11:04,878,29,32
2022-06-09 11:04,878,29,32
2022-06-09 11:04,878,29,32
2022-06-09 11:04,878,28,32
2022-06-09 11:04,878,28,32
2022-06-09 11:04,878,28,32
2022-06-09 11:04,878,29,32
2022-06-09 11:04,878,29,32
2022-06-09 11:04,878,29,32
2022-06-09 11:04,878,29,32
2022-06-09 11:04,878,29,32
2022-06-09 11:04,878,29,32
2022-06-09 11:04,878,29,32
2022-06-09 11:04,878,29,32
2022-06-09 11:04,878,29,32
2022-06-09 11:04,878,29,32
2022-06-09 11:04,878,29,32
2022-06-09 11:04,878,29,32
2022-06-09 11:04,878,29,32
2022-06-09 11:04,878,28,32
2022-06-09 11:04,878,29,32
2022-06-09 11:04,878,29,32
2022-06-09 11:04,878,29,32
2022-06-09 11:04,878,29,32
2022-06-09 11:04,878,29,32
2022-06-09 11:04,878,29,32
2022-06-09 11:04,878,29,32
2022-06-09 11:04,878,29,32
2022-06-09 11:04,878,29,32
2022-06-09 11:04,878,28,32
2022-06-09 11:04,878,29,32
2022-06-09 11:04,878,28,32
2022-06-09 11:04,878,29,32
2022-06-09 11:04,878,29,32
2022-06-09 11:04,878,29,32
2022-06-09 11:04,878,29,32
2022-06-09 11:04,878,29,32
2022-06-09 11:04,878,29,32
2022-06-09 11:04,878,29,32
2022-06-09 11:04,878,29,32
2022-06-09 11:04,878,28,32
2022-06-09 11:04,878,29,32
2022-06-09 11:04,878,29,32
2022-06-09 11:04,878,29,32
2022-06-09 11:04,878,29,32
2022-06-09 11:04,878,29,32
2022-06-09 11:04,878,29,32
2022-06-09 11:04,878,29,32
2022-06-09 11:04,878,28,32
2022-06-09 11:04,878,29,32
2022-06-09 11:04,878,29,32
2022-06-09 11:04,878,29,32
2022-06-09 11:04,878,29,32
2022-06-09 11:04,878,29,32
2022-06-09 11:04,878,29,32
2022-06-09 11:04,878,29,32
2022-06-09 11:04,878,29,32
2022-06-09 11:04,878,29,32
2022-06-09 11:04,878,29,32
2022-06-09 11:04,878,29,32
2022-06-09 11:04,878,28,32
2022-06-09 11:04,878,29,32
2022-06-09 11:04,878,29,32
2022-06-09 11:04,878,29,32
2022-06-09 11:04,878,29,32
2022-06-09 11:04,878,29,32
2022-06-09 11:04,878,29,32
2022-06-09 11:04,878,29,32
2022-06-09 11:04,878,29,32
2022-06-09 11:04,878,29,32
2022-06-09 11:04,878,29,32
2022-06-09 11:04,878,29,32
2022-06-09 11:05,878,29,32
2022-06-09 11:05,871,29,32
2022-06-09 11:05,871,28,32
2022-06-09 11:05,871,29,32
2022-06-09 11:05,876,29,32
2022-06-09 11:07,876,29,32
2022-06-09 11:08,876,29,32
2022-06-09 11:08,876,28,32
2022-06-09 11:08,876,29,32
2022-06-09 11:08,825,28,32
2022-06-09 11:08,825,28,32
2022-06-09 11:08,825,28,32
2022-06-09 11:09,825,29,32
2022-06-09 11:09,825,28,32
2022-06-09 11:09,833,29,32
2022-06-09 11:09,833,29,32
2022-06-09 11:09,838,29,32
2022-06-09 11:10,838,29,32
2022-06-09 11:10,839,29,32
2022-06-09 11:10,837,29,32
2022-06-09 11:10,896,29,32
2022-06-09 11:10,894,29,32
2022-06-09 11:10,895,29,32
2022-06-09 11:11,899,29,32
2022-06-09 11:11,890,29,32
2022-06-09 11:11,890,29,32
2022-06-09 11:11,890,29,32
2022-06-09 11:11,890,29,32
2022-06-09 11:11,890,29,32
2022-06-09 11:12,890,29,32
2022-06-09 11:12,890,29,32
2022-06-09 11:12,890,29,32
2022-06-09 11:12,890,29,32
2022-06-09 11:12,890,29,32
2022-06-09 11:12,890,29,32
2022-06-09 11:13,890,29,32
2022-06-09 11:13,890,29,32
2022-06-09 11:13,890,29,32
2022-06-09 11:13,890,29,32
2022-06-09 11:13,890,29,32
2022-06-09 11:13,890,29,32
